UNIQUE_CARRIER,UNIQUE_CARRIER_NAME,YEAR,MONTH,ORIGIN,DEST,PASSENGERS,SEATS
DL,Delta Air Lines Inc.,2026,1,BOS,ALB,125.00,132.00
DL,Delta Air Lines Inc.,2026,1,BOS,ATL,37898.00,45589.00
DL,Delta Air Lines Inc.,2026,1,BOS,AUS,6739.00,7823.00
DL,Delta Air Lines Inc.,2026,1,BOS,BNA,184.00,189.00
DL,Delta Air Lines Inc.,2026,1,BOS,BZN,950.00,1197.00
DL,Delta Air Lines Inc.,2026,1,BOS,CHS,1801.00,2331.00
DL,Delta Air Lines Inc.,2026,1,BOS,DEN,3802.00,5998.00
DL,Delta Air Lines Inc.,2026,1,BOS,DFW,4720.00,6195.00
DL,Delta Air Lines Inc.,2026,1,BOS,DTW,15910.00,21570.00
DL,Delta Air Lines Inc.,2026,1,BOS,FLL,10101.00,13109.00
DL,Delta Air Lines Inc.,2026,1,BOS,JAX,2200.00,2398.00
DL,Delta Air Lines Inc.,2026,1,BOS,JFK,2137.00,3293.00
DL,Delta Air Lines Inc.,2026,1,BOS,LAS,7729.00,10433.00
DL,Delta Air Lines Inc.,2026,1,BOS,LAX,10982.00,13154.00
DL,Delta Air Lines Inc.,2026,1,BOS,LGA,3315.00,6012.00
DL,Delta Air Lines Inc.,2026,1,BOS,MCO,15911.00,19380.00
DL,Delta Air Lines Inc.,2026,1,BOS,MIA,10167.00,12724.00
DL,Delta Air Lines Inc.,2026,1,BOS,MSP,12959.00,19043.00
DL,Delta Air Lines Inc.,2026,1,BOS,MSY,3563.00,4519.00
DL,Delta Air Lines Inc.,2026,1,BOS,PBI,5943.00,7580.00
DL,Delta Air Lines Inc.,2026,1,BOS,PHX,5132.00,6206.00
DL,Delta Air Lines Inc.,2026,1,BOS,RDU,7875.00,10283.00
DL,Delta Air Lines Inc.,2026,1,BOS,RSW,6233.00,6957.00
DL,Delta Air Lines Inc.,2026,1,BOS,SAN,3928.00,5431.00
DL,Delta Air Lines Inc.,2026,1,BOS,SAT,2178.00,3649.00
DL,Delta Air Lines Inc.,2026,1,BOS,SEA,8916.00,11571.00
DL,Delta Air Lines Inc.,2026,1,BOS,SFO,7025.00,9696.00
DL,Delta Air Lines Inc.,2026,1,BOS,SJU,6223.00,6914.00
DL,Delta Air Lines Inc.,2026,1,BOS,SLC,12606.00,15302.00
DL,Delta Air Lines Inc.,2026,1,BOS,STT,3593.00,5770.00
DL,Delta Air Lines Inc.,2026,1,BOS,TPA,13321.00,15144.00
DL,Delta Air Lines Inc.,2026,2,BOS,ATL,35959.00,43346.00
DL,Delta Air Lines Inc.,2026,2,BOS,AUS,7151.00,8438.00
DL,Delta Air Lines Inc.,2026,2,BOS,BZN,887.00,1048.00
DL,Delta Air Lines Inc.,2026,2,BOS,CHS,2282.00,2528.00
DL,Delta Air Lines Inc.,2026,2,BOS,DEN,3629.00,4917.00
DL,Delta Air Lines Inc.,2026,2,BOS,DFW,5243.00,6180.00
DL,Delta Air Lines Inc.,2026,2,BOS,DTW,14722.00,19772.00
DL,Delta Air Lines Inc.,2026,2,BOS,FLL,11446.00,13302.00
DL,Delta Air Lines Inc.,2026,2,BOS,JAX,2192.00,2398.00
DL,Delta Air Lines Inc.,2026,2,BOS,JFK,2182.00,2833.00
DL,Delta Air Lines Inc.,2026,2,BOS,LAS,7260.00,9116.00
DL,Delta Air Lines Inc.,2026,2,BOS,LAX,10368.00,12569.00
DL,Delta Air Lines Inc.,2026,2,BOS,LGA,2432.00,3681.00
DL,Delta Air Lines Inc.,2026,2,BOS,MCO,17569.00,19522.00
DL,Delta Air Lines Inc.,2026,2,BOS,MIA,11077.00,13846.00
DL,Delta Air Lines Inc.,2026,2,BOS,MSN,151.00,157.00
DL,Delta Air Lines Inc.,2026,2,BOS,MSP,11699.00,15878.00
DL,Delta Air Lines Inc.,2026,2,BOS,MSY,3216.00,4099.00
DL,Delta Air Lines Inc.,2026,2,BOS,PBI,6407.00,7279.00
DL,Delta Air Lines Inc.,2026,2,BOS,PHX,6327.00,7177.00
DL,Delta Air Lines Inc.,2026,2,BOS,RDU,8892.00,10501.00
DL,Delta Air Lines Inc.,2026,2,BOS,RSW,7205.00,7589.00
DL,Delta Air Lines Inc.,2026,2,BOS,SAN,4116.00,5042.00
DL,Delta Air Lines Inc.,2026,2,BOS,SAT,2429.00,3518.00
DL,Delta Air Lines Inc.,2026,2,BOS,SEA,7820.00,10276.00
DL,Delta Air Lines Inc.,2026,2,BOS,SFO,7762.00,9309.00
DL,Delta Air Lines Inc.,2026,2,BOS,SJU,5338.00,5983.00
DL,Delta Air Lines Inc.,2026,2,BOS,SLC,12151.00,14508.00
DL,Delta Air Lines Inc.,2026,2,BOS,SRQ,179.00,180.00
DL,Delta Air Lines Inc.,2026,2,BOS,STT,3856.00,5109.00
DL,Delta Air Lines Inc.,2026,2,BOS,TPA,12140.00,13132.00
DL,Delta Air Lines Inc.,2026,3,BOS,ATL,45908.00,54731.00
DL,Delta Air Lines Inc.,2026,3,BOS,AUS,8982.00,10582.00
DL,Delta Air Lines Inc.,2026,3,BOS,BOI,170.00,194.00
DL,Delta Air Lines Inc.,2026,3,BOS,BZN,565.00,1048.00
DL,Delta Air Lines Inc.,2026,3,BOS,CHS,3014.00,3384.00
DL,Delta Air Lines Inc.,2026,3,BOS,DEN,4330.00,6000.00
DL,Delta Air Lines Inc.,2026,3,BOS,DFW,6159.00,7388.00
DL,Delta Air Lines Inc.,2026,3,BOS,DTW,20545.00,26141.00
DL,Delta Air Lines Inc.,2026,3,BOS,FLL,11223.00,15517.00
DL,Delta Air Lines Inc.,2026,3,BOS,GSP,175.00,180.00
DL,Delta Air Lines Inc.,2026,3,BOS,JAX,603.00,654.00
DL,Delta Air Lines Inc.,2026,3,BOS,JFK,2663.00,3635.00
DL,Delta Air Lines Inc.,2026,3,BOS,LAS,8913.00,11834.00
DL,Delta Air Lines Inc.,2026,3,BOS,LAX,12311.00,14813.00
DL,Delta Air Lines Inc.,2026,3,BOS,LGA,765.00,1032.00
DL,Delta Air Lines Inc.,2026,3,BOS,MCO,18706.00,22545.00
DL,Delta Air Lines Inc.,2026,3,BOS,MIA,13050.00,15654.00
DL,Delta Air Lines Inc.,2026,3,BOS,MSN,130.00,130.00
DL,Delta Air Lines Inc.,2026,3,BOS,MSP,18946.00,23440.00
DL,Delta Air Lines Inc.,2026,3,BOS,MSY,4263.00,4820.00
DL,Delta Air Lines Inc.,2026,3,BOS,OKC,101.00,132.00
DL,Delta Air Lines Inc.,2026,3,BOS,ONT,156.00,194.00
DL,Delta Air Lines Inc.,2026,3,BOS,ORD,3389.00,4420.00
DL,Delta Air Lines Inc.,2026,3,BOS,PBI,8058.00,9529.00
DL,Delta Air Lines Inc.,2026,3,BOS,PHX,8424.00,9503.00
DL,Delta Air Lines Inc.,2026,3,BOS,RDU,10760.00,12612.00
DL,Delta Air Lines Inc.,2026,3,BOS,RSW,8961.00,10529.00
DL,Delta Air Lines Inc.,2026,3,BOS,SAN,4764.00,5819.00
DL,Delta Air Lines Inc.,2026,3,BOS,SAT,3258.00,4092.00
DL,Delta Air Lines Inc.,2026,3,BOS,SEA,12912.00,15711.00
DL,Delta Air Lines Inc.,2026,3,BOS,SFO,9625.00,11244.00
DL,Delta Air Lines Inc.,2026,3,BOS,SJU,6122.00,6734.00
DL,Delta Air Lines Inc.,2026,3,BOS,SLC,14721.00,18155.00
DL,Delta Air Lines Inc.,2026,3,BOS,STT,4352.00,5969.00
DL,Delta Air Lines Inc.,2026,3,BOS,TPA,16531.00,18585.00
DL,Delta Air Lines Inc.,2026,3,BOS,TUL,89.00,132.00
DL,Delta Air Lines Inc.,2026,4,BOS,AGS,272.00,392.00
DL,Delta Air Lines Inc.,2026,4,BOS,ATL,49825.00,60343.00
DL,Delta Air Lines Inc.,2026,4,BOS,AUS,8970.00,10745.00
DL,Delta Air Lines Inc.,2026,4,BOS,BNA,3076.00,3564.00
DL,Delta Air Lines Inc.,2026,4,BOS,CHS,3841.00,4466.00
DL,Delta Air Lines Inc.,2026,4,BOS,DEN,4229.00,5696.00
DL,Delta Air Lines Inc.,2026,4,BOS,DFW,6933.00,9310.00
DL,Delta Air Lines Inc.,2026,4,BOS,DTW,21775.00,26225.00
DL,Delta Air Lines Inc.,2026,4,BOS,FLL,10684.00,16097.00
DL,Delta Air Lines Inc.,2026,4,BOS,GRR,130.00,130.00
DL,Delta Air Lines Inc.,2026,4,BOS,IND,129.00,132.00
DL,Delta Air Lines Inc.,2026,4,BOS,JFK,2553.00,3766.00
DL,Delta Air Lines Inc.,2026,4,BOS,LAS,9695.00,11640.00
DL,Delta Air Lines Inc.,2026,4,BOS,LAX,14757.00,17057.00
DL,Delta Air Lines Inc.,2026,4,BOS,LGA,556.00,1161.00
DL,Delta Air Lines Inc.,2026,4,BOS,MCO,19902.00,24584.00
DL,Delta Air Lines Inc.,2026,4,BOS,MIA,11311.00,15025.00
DL,Delta Air Lines Inc.,2026,4,BOS,MSP,21798.00,26534.00
DL,Delta Air Lines Inc.,2026,4,BOS,MSY,4807.00,5456.00
DL,Delta Air Lines Inc.,2026,4,BOS,ORD,8494.00,10453.00
DL,Delta Air Lines Inc.,2026,4,BOS,PBI,7978.00,10670.00
DL,Delta Air Lines Inc.,2026,4,BOS,PHX,7887.00,9505.00
DL,Delta Air Lines Inc.,2026,4,BOS,RDU,11981.00,14552.00
DL,Delta Air Lines Inc.,2026,4,BOS,RSW,8986.00,11477.00
DL,Delta Air Lines Inc.,2026,4,BOS,SAN,4929.00,5819.00
DL,Delta Air Lines Inc.,2026,4,BOS,SAT,3095.00,3782.00
DL,Delta Air Lines Inc.,2026,4,BOS,SAV,842.00,924.00
DL,Delta Air Lines Inc.,2026,4,BOS,SDF,39.00,132.00
DL,Delta Air Lines Inc.,2026,4,BOS,SEA,14007.00,16481.00
DL,Delta Air Lines Inc.,2026,4,BOS,SFO,11348.00,13967.00
DL,Delta Air Lines Inc.,2026,4,BOS,SJU,5790.00,6500.00
DL,Delta Air Lines Inc.,2026,4,BOS,SLC,14663.00,17906.00
DL,Delta Air Lines Inc.,2026,4,BOS,SRQ,869.00,974.00
DL,Delta Air Lines Inc.,2026,4,BOS,STT,3681.00,4775.00
DL,Delta Air Lines Inc.,2026,4,BOS,TPA,15985.00,18992.00
DL,Delta Air Lines Inc.,2026,5,BOS,ATL,52087.00,60620.00
DL,Delta Air Lines Inc.,2026,5,BOS,AUS,9851.00,11451.00
DL,Delta Air Lines Inc.,2026,5,BOS,BNA,7874.00,9554.00
DL,Delta Air Lines Inc.,2026,5,BOS,CHS,3507.00,4432.00
DL,Delta Air Lines Inc.,2026,5,BOS,CLT,158.00,189.00
DL,Delta Air Lines Inc.,2026,5,BOS,DEN,4623.00,5820.00
DL,Delta Air Lines Inc.,2026,5,BOS,DFW,8196.00,11444.00
DL,Delta Air Lines Inc.,2026,5,BOS,DTW,23241.00,26993.00
DL,Delta Air Lines Inc.,2026,5,BOS,FLL,8183.00,11413.00
DL,Delta Air Lines Inc.,2026,5,BOS,HOU,93.00,109.00
DL,Delta Air Lines Inc.,2026,5,BOS,JFK,2485.00,3900.00
DL,Delta Air Lines Inc.,2026,5,BOS,LAS,8096.00,9922.00
DL,Delta Air Lines Inc.,2026,5,BOS,LAX,18269.00,19985.00
DL,Delta Air Lines Inc.,2026,5,BOS,LGA,2423.00,4289.00
DL,Delta Air Lines Inc.,2026,5,BOS,MCI,3664.00,5329.00
DL,Delta Air Lines Inc.,2026,5,BOS,MCO,15840.00,19951.00
DL,Delta Air Lines Inc.,2026,5,BOS,MIA,8483.00,10837.00
DL,Delta Air Lines Inc.,2026,5,BOS,MKE,138.00,160.00
DL,Delta Air Lines Inc.,2026,5,BOS,MSP,24530.00,29002.00
DL,Delta Air Lines Inc.,2026,5,BOS,MSY,4168.00,4960.00
DL,Delta Air Lines Inc.,2026,5,BOS,OKC,210.00,264.00
DL,Delta Air Lines Inc.,2026,5,BOS,ORD,12504.00,14845.00
DL,Delta Air Lines Inc.,2026,5,BOS,PBI,6496.00,9661.00
DL,Delta Air Lines Inc.,2026,5,BOS,PHX,5263.00,6988.00
DL,Delta Air Lines Inc.,2026,5,BOS,PIT,102.00,130.00
DL,Delta Air Lines Inc.,2026,5,BOS,RDU,14697.00,18488.00
DL,Delta Air Lines Inc.,2026,5,BOS,RST,189.00,191.00
DL,Delta Air Lines Inc.,2026,5,BOS,RSW,6209.00,10042.00
DL,Delta Air Lines Inc.,2026,5,BOS,SAN,4943.00,6000.00
DL,Delta Air Lines Inc.,2026,5,BOS,SAT,3099.00,3918.00
DL,Delta Air Lines Inc.,2026,5,BOS,SDF,15.00,132.00
DL,Delta Air Lines Inc.,2026,5,BOS,SEA,19030.00,21528.00
DL,Delta Air Lines Inc.,2026,5,BOS,SFO,13949.00,16876.00
DL,Delta Air Lines Inc.,2026,5,BOS,SJU,5364.00,6014.00
DL,Delta Air Lines Inc.,2026,5,BOS,SLC,15299.00,17843.00
DL,Delta Air Lines Inc.,2026,5,BOS,SRQ,0.00,0.00
DL,Delta Air Lines Inc.,2026,5,BOS,TPA,12857.00,16439.00
DL,Delta Air Lines Inc.,2026,6,BOS,ATL,54339.00,60039.00
DL,Delta Air Lines Inc.,2026,6,BOS,AUS,9070.00,10524.00
DL,Delta Air Lines Inc.,2026,6,BOS,BNA,8499.00,9936.00
DL,Delta Air Lines Inc.,2026,6,BOS,BZN,822.00,924.00
DL,Delta Air Lines Inc.,2026,6,BOS,CHS,3394.00,4266.00
DL,Delta Air Lines Inc.,2026,6,BOS,CMH,181.00,189.00
DL,Delta Air Lines Inc.,2026,6,BOS,CVG,354.00,390.00
DL,Delta Air Lines Inc.,2026,6,BOS,DCA,389.00,396.00
DL,Delta Air Lines Inc.,2026,6,BOS,DEN,5183.00,5820.00
DL,Delta Air Lines Inc.,2026,6,BOS,DFW,9379.00,11831.00
DL,Delta Air Lines Inc.,2026,6,BOS,DTW,22811.00,26033.00
DL,Delta Air Lines Inc.,2026,6,BOS,EVV,96.00,130.00
DL,Delta Air Lines Inc.,2026,6,BOS,FLL,7903.00,9540.00
DL,Delta Air Lines Inc.,2026,6,BOS,HPN,65.00,110.00
DL,Delta Air Lines Inc.,2026,6,BOS,JAX,223.00,264.00
DL,Delta Air Lines Inc.,2026,6,BOS,JFK,3452.00,5074.00
DL,Delta Air Lines Inc.,2026,6,BOS,LAS,5202.00,6166.00
DL,Delta Air Lines Inc.,2026,6,BOS,LAX,16701.00,18809.00
DL,Delta Air Lines Inc.,2026,6,BOS,LGA,3571.00,5530.00
DL,Delta Air Lines Inc.,2026,6,BOS,MCI,4053.00,6135.00
DL,Delta Air Lines Inc.,2026,6,BOS,MCO,14421.00,16834.00
DL,Delta Air Lines Inc.,2026,6,BOS,MIA,7826.00,10074.00
DL,Delta Air Lines Inc.,2026,6,BOS,MKE,351.00,396.00
DL,Delta Air Lines Inc.,2026,6,BOS,MSP,28512.00,32502.00
DL,Delta Air Lines Inc.,2026,6,BOS,MSY,4344.00,4799.00
DL,Delta Air Lines Inc.,2026,6,BOS,MYR,649.00,782.00
DL,Delta Air Lines Inc.,2026,6,BOS,ORD,12627.00,14147.00
DL,Delta Air Lines Inc.,2026,6,BOS,PBI,4359.00,5759.00
DL,Delta Air Lines Inc.,2026,6,BOS,PHX,4727.00,5814.00
DL,Delta Air Lines Inc.,2026,6,BOS,PVD,114.00,132.00
DL,Delta Air Lines Inc.,2026,6,BOS,RDU,14917.00,17739.00
DL,Delta Air Lines Inc.,2026,6,BOS,RSW,4287.00,5916.00
DL,Delta Air Lines Inc.,2026,6,BOS,SAN,5055.00,5820.00
DL,Delta Air Lines Inc.,2026,6,BOS,SAT,3155.00,3802.00
DL,Delta Air Lines Inc.,2026,6,BOS,SEA,18471.00,21521.00
DL,Delta Air Lines Inc.,2026,6,BOS,SFO,14811.00,18816.00
DL,Delta Air Lines Inc.,2026,6,BOS,SJU,5226.00,5820.00
DL,Delta Air Lines Inc.,2026,6,BOS,SLC,15607.00,17455.00
DL,Delta Air Lines Inc.,2026,6,BOS,STL,89.00,130.00
DL,Delta Air Lines Inc.,2026,6,BOS,TPA,13521.00,15390.00